Section,W_kg/m,W_N/m,Area,h,bf,tf,tw,Ixx,Iyy,rxx,ryy,Zxx,Zyy,r1,r2,D_deg,h1,h2,b1,C,g,g1_min,Max_flange_rivet_mm
ISJB 150,7.1,69.7,9.01,150,50,4.6,3,322.1,9.2,5.98,1.01,42.9,3.7,5,1.5,91.5,130.4,9.8,23.5,3,30,45,6
ISJB 175,8.1,79.5,10.28,175,50,4.8,3.2,479.3,9.7,6.83,0.97,54.8,3.9,5,1.5,91.5,155,10,23.4,3.1,30,45,6
ISJB 200,9.9,97.1,12.64,200,60,5,3.4,780.7,17.3,7.86,1.17,78.1,5.8,5,1.5,91.5,179.5,10.25,28.38,3.2,30,45,6
ISJB 225,12.8,125.6,16.28,225,80,5,3.7,1308.5,40.5,8.97,1.58,116.3,10.1,6.5,1.5,91.5,201.5,11.95,38.15,3.35,40,45,12
ISLB 75,6.1,59.8,7.71,75,50,5,3.7,72.7,10,3.07,1.14,19.4,4,6.5,2,91.5,51.7,11.65,23.15,3.35,30,,6
ISLB 100,8,78.5,10.21,100,50,6.4,4,168,12.7,4.06,1.12,33.6,5.1,7,3,91.5,73,13.5,23,3.5,30,50,6
ISLB 125,11.9,116.7,15.12,125,75,6.5,4.4,408.8,43.4,5.19,1.69,65.1,11.6,8,3,91.5,95.4,14.8,35.3,3.7,35,50,12
ISLB 150,14.2,139.3,18.08,150,80,6.8,4.8,688.2,55.2,6.17,1.75,91.8,13.8,9.5,3,91.5,116.9,16.55,37.6,3.9,40,50,12
ISLB 175,16.7,163.8,21.3,175,90,6.9,5.1,1008.2,79.6,7.17,1.93,125.3,17.7,9.5,3,91.5,141.6,16.7,42.45,4.05,50,50,12
ISLB 200,19.8,194.2,25.27,200,100,7.3,5.4,1696.6,115.4,8.19,2.13,169.7,23.1,9.5,3,91.5,165.7,17.15,47.3,4.2,55,50,16
ISLB 225,23.5,230.5,29.92,225,100,8.6,5.8,2501.9,112.7,9.15,1.94,222.4,22.5,12,6,98,180.3,22.35,47.18,4.45,55,55,16
ISLB 250,27.9,273.7,35.53,250,125,8.2,6.1,3717.8,193.4,10.23,2.33,297.4,30.9,13,6.5,98,202.6,23.7,59.45,4.55,65,60,22
ISLB 275,33,323.7,42.02,275,140,9,6.4,5375.3,287,11.31,2.61,392.4,41,14,7,98,223.7,25.65,66.8,4.7,80,60,22
ISLB 300,37.7,369.8,48.08,300,150,9.4,6.7,7332.9,376.2,12.35,2.8,488.9,50.2,15,7.5,98,245.1,27.45,71.65,4.85,90,60,22
ISLB 325,43.1,422.8,54.9,325,165,9.8,7,9874.6,510.8,13.41,3.05,607.7,61.9,16,8,98,266.5,29.25,79,5,100,65,25
ISLB 350,49.5,485.6,63.01,350,165,11.4,7.4,13158.3,631.9,14.45,3.17,751.9,76.6,16,8,98,288.3,30.85,78.8,5.2,100,65,25
ISLB 400,56.9,558.2,72.43,400,165,12.5,8,19306.3,716.4,16.33,3.15,965.3,86.8,16,8,98,336.2,31.9,78.5,5.5,100,65,25
ISLB 450,65.3,640.6,83.14,450,170,13.4,8.6,27536.1,853,18.2,3.2,1223.8,100.4,16,8,98,384,33,80.7,5.8,100,70,25
ISLB 500,75,735.8,95.5,500,180,14.1,9.2,38679,1069.9,20.1,3.34,1543.2,118.2,17,8.5,98,430.2,34.9,85.4,6.1,100,70,28
ISLB 550,86.3,846.6,109.97,550,190,15,9.9,53169.6,1333.1,21.99,3.48,1933.2,140.5,18,9,98,476.1,36.95,90.05,6.45,100,70,32
ISLB 600,99.5,976.1,126.69,600,210,15.5,10.5,72867.6,1821.9,23.98,3.79,2428.9,173.5,20,10,98,520,39.9,99.75,6.75,"1,40,100",75,"25,32"
ISMB 100,11.5,112.8,14.6,100,75,7.2,4,257.5,40.8,4.2,1.67,51.5,10.9,9,4.5,98,65,17.5,35.5,3.5,35,55,12
ISMB 125,13,127.5,16.6,125,75,7.6,4.4,449,43.7,5.2,1.62,71.8,11.7,9,4.5,98,89.2,17.9,35.3,3.7,35,55,12
ISMB 150,14.9,146.2,19,150,80,7.6,4.8,726.4,52.6,6.18,1.66,96.9,13.1,9,4.5,98,113.9,18.05,37.6,3.9,40,55,12
ISMB 175,19.3,189.3,24.62,175,90,8.6,5.5,1272,85,7.19,1.86,145.4,18.9,10,5,98,134.5,20.25,42.25,4.25,50,55,12
ISMB 200,25.4,249.1,32.33,200,100,10.8,5.7,2235.4,150,8.32,2.15,223.5,30,11,5.5,98,152.7,23.65,47.15,4.35,55,60,16
ISMB 225,31.2,306.1,39.72,225,110,11.8,6.5,3441.8,218.3,9.31,2.34,305.9,39.7,12,6,98,173.3,25.85,51.75,4.75,60,60,20
ISMB 250,37.3,365.9,47.55,250,125,12.5,6.9,5131.6,334.5,10.39,2.65,410.5,53.5,13,6.5,98,194.1,27.95,59.05,4.95,65,65,22
ISMB 300,44.2,433.6,56.26,300,140,12.4,7.5,8603.6,453,12.37,2.84,573.6,64.8,14,7,98,241.5,29.25,66.25,5.25,80,65,22
ISMB 350,52.4,514,66.71,350,140,14.2,8.1,13630.3,537.7,14.3,2.84,778.9,76.8,14,7,98,288,31,65.95,5.55,80,65,22
ISMB 400,61.6,604.3,78.46,400,140,16,8.9,20458.4,622.1,16.15,2.82,1022.9,88.9,14,7,98,334.4,32.8,65.55,5.95,80,70,22
ISMB 450,72.4,710.2,92.27,450,150,17.4,9.4,30390.6,834.6,18.15,3.01,1350.7,111.2,15,7.5,98,379.2,35.4,70.3,6.2,90,70,22
ISMB 500,86.9,852.5,110.74,500,180,17.2,10.2,45216.3,1369.6,20.21,3.52,1808.7,152.2,17,8.5,98,424.1,37.95,84.9,6.6,100,75,28
ISMB 550,103.7,1017.3,132.11,550,190,19.3,11.2,64839.6,1833.8,22.16,3.73,2359.8,193,18,9,98,467.5,41.25,89.4,7.1,100,75,32
ISMB 600,122.6,1202.7,156.21,600,210,20.8,12,91813,2651,24.24,4.12,3060.4,252.5,20,10,98,509.7,45.15,99,7.5,"1,40,100",80,"25,32"
ISWB 150,17,166.8,21.67,150,100,7,5.4,839.1,94.8,6.22,2.09,111.9,19,8,4,96,116.6,16.7,47.3,4.2,55,55,16
ISWB 175,22.1,216.8,28.11,175,125,7.4,5.8,1509.4,188.6,7.33,2.59,172.5,30.2,8,4,96,139.5,17.75,59.6,4.4,65,55,22
ISWB 200,28.8,282.5,36.71,200,140,9,6.1,2624.5,328.8,8.46,2.99,262.5,47,9,4.5,96,158.8,20.6,66.95,4.55,80,55,22
ISWB 225,33.9,332.5,43.24,225,150,9.9,6.4,3920.5,448.8,9.52,3.22,348.5,59.8,9,4.5,96,181.4,21.8,71.8,4.7,90,55,22
ISWB 250,40.9,401.2,52.05,250,200,9,6.7,5943.1,657.5,10.69,4.05,475.4,85.7,10,5,96,203.8,23.1,96.65,4.85,"1,40,100",60,"22,32"
ISWB 300,48.1,471.9,61.33,300,200,10,7.4,9821.6,990.1,12.66,4.02,654.8,99,11,5.5,96,250.1,24.95,96.3,5.2,"1,40,100",60,"22,32"
ISWB 350,56.9,558.2,72.5,350,200,11.4,8,15521.7,1175.9,14.63,4.03,887,117.6,12,6,96,295.5,27.25,96,5.5,"1,40,100",60,"22,32"
ISWB 400,66.7,654.3,85.01,400,200,13,8.6,23426.7,1928,16.6,4.04,1171.3,138.8,13,6.5,96,340.5,29.75,95.7,5.8,"1,40,100",65,"22,32"
ISWB 450,79.4,778.9,101.15,450,200,15.4,9.2,35057.6,1706.7,18.63,4.11,1558.1,170.7,14,7,96,384,33,95.4,6.1,"1,40,100",70,"22,32"
ISWB 500,95.2,933.9,121.22,500,250,14.7,9.9,52290.9,2687.8,20.77,4.68,2091.6,239,15,7.5,96,431,34.5,120.05,6.45,140,70,32
ISWB 550,112.5,1103.6,143.34,550,250,17.6,10.5,74966.1,3749.6,22.86,5.11,2723.9,299.2,16,8,96,473.4,38.3,119.75,6.75,140,75,32
ISWB 600,133.7,1311.6,170.38,600,250,21.3,11.2,106198.5,4702.5,24.97,5.25,3540,376.2,17,8.5,96,514.2,42.9,119.4,7.1,140,80,32
ISWB 600,145.1,1423.4,184.88,600,250,23.6,11.8,115625.6,5298.3,25.01,5.35,3854.2,423.9,18,9,96,507.9,46.05,119.1,7.4,140,80,32
ISHB 150,27.1,265.9,34.48,150,150,9,5.4,1455.6,431.7,6.5,3.54,194.1,57.6,8,4,94,112,19,72.3,4.2,90,55,22
ISHB 150,30.6,300.2,38.98,150,150,9,8.4,1540,460.3,6.29,3.44,205.3,60.2,8,4,94,112,19,70.8,5.7,90,55,22
ISHB 150,34.6,339.4,44.08,150,150,9,11.8,1635.6,494.9,6.09,3.35,218.1,63.2,8,4,94,112,19,69.1,7.4,90,55,22
ISHB 200,37.3,365.9,47.54,200,200,9,6.1,3608.4,957.1,8.71,4.51,360.8,96.7,9,4.5,94,158.4,20.8,96.95,4.55,"1,40,100",55,"22,32"
ISHB 200,40,392.4,50.94,200,200,9,7.8,3721.8,984.6,8.55,4.42,372.2,98.6,9,4.5,94,158.4,20.8,96.1,5.4,"1,40,100",55,"22,32"
ISHB 225,43.1,422.8,54.94,225,225,9.1,6.5,5279.5,1353.8,9.8,4.96,469.3,120.3,10,5,94,180.5,22.2,109.25,4.75,140,55,28
ISHB 225,46.8,459.1,59.68,225,225,9.1,8.6,5478.8,1396.6,9.58,4.84,487,123,10,5,94,180.5,22.2,108.2,5.8,140,55,28
ISHB 250,51,500.3,64.96,250,250,9.7,6.9,7738.5,1951.3,10.91,5.49,618.9,156.9,10,5,94,203.5,23.2,121.55,4.95,140,60,32
ISHB 250,54.7,536.6,69.71,250,250,9.7,8.8,7963.9,2011.7,10.7,5.37,638.7,159.7,10,5,94,203.5,23.2,120.6,5.9,140,60,32
ISHB 300,58.8,576.8,74.85,300,250,10.6,7.6,12545.2,2193.6,12.95,5.41,836.3,175.5,11,5.5,94,249.8,25.1,121.2,5.3,140,60,32
ISHB 300,63,618,80.25,300,250,10.6,9.4,12950.2,2246.7,12.7,5.29,863.3,178.4,11,5.5,94,249.8,25.1,120.3,6.2,140,60,32
ISHB 350,67.4,661.2,85.91,350,250,11.6,8.3,19159.7,2451.4,14.93,5.34,1094.8,196.1,12,6,94,296,27,120.85,5.65,140,60,32
ISHB 350,72.4,710.2,92.21,350,250,11.6,10.1,19802.8,2510.5,14.65,5.22,1131.6,199.4,12,6,94,296,27,119.95,6.55,140,60,32
ISHB 400,77.4,759.3,98.66,400,250,12.7,9.1,28063.5,2728.3,16.87,5.26,1404.2,218.3,14,7,94,340.1,29.9,120.45,6.05,140,65,32
ISHB 400,82.2,806.4,104.68,400,250,12.7,10.6,28823.5,2783,16.61,5.15,1444.2,221.3,14,7,94,340.1,29.9,119.7,6.8,140,65,32
ISHB 450,87.2,855.4,111.14,450,250,13.7,9.8,39210.8,2925.2,18.78,5.18,1742.7,238.8,15,7.5,94,386.2,31.9,120.1,6.4,140,65,32
ISHB 450,92.5,907.4,117.89,450,250,13.7,11.3,40349.9,3045,18.5,5.08,1793.3,242.1,15,7.5,94,386.2,31.9,119.35,7.15,140,65,32
